isbn,book_name,book_author,publication_year
978-3-16-148410-0,cien años de soledad,gabriel garcía márquez,1967
978-0-14-044926-6,la odisea,homero,-800
978-84-376-0494-7,don quijote de la mancha,miguel de cervantes,1605
978-1-56619-909-4,el principito,antoine de saint-exupéry,1943
978-0-7432-7356-5,el código da vinci,dan brown,2003
978-0-385-50420-8,el hobbit,j.r.r. tolkien,1937
978-0-141-03435-4,1984,george orwell,1949
978-84-376-0494-7,don quijote de la mancha,miguel de cervantes,1605
978-84-376-0494-7,don quijote de la mancha,miguel de cervantes,1605
978-84-9838-065-6,rayuela,julio cortázar,1963
