id_loan,loan_date,loan_days,loan_state,loan_type,booking_platform,document
lon001,01/06/2024 10:00,14,pendiente,prestamo a domicilio,appbiblioteca,1029384756
lon002,09/07/2024 12:00,7,pendiente,consulta en sala,webbiblioteca,6789054321
lon003,13/06/2024 10:00,21,retrasado,prestamo a domicilio,appbiblioteca,9988776655
lon004,26/07/2024 13:00,10,retrasado,prestamo interbibliotecario,webbiblioteca,8877665544
lon005,28/07/2024 6:00,14,completado,prestamo a domicilio,appbiblioteca,6655443322
lon006,16/07/2024 21:00,7,completado,consulta en sala,webbiblioteca,5544332211
lon007,26/07/2024 22:00,10,pendiente,prestamo a domicilio,appbiblioteca,4433221100
lon008,17/06/2024 16:00,14,pendiente,prestamo interbibliotecario,webbiblioteca,3322110099
lon009,10/07/2024 23:00,30,retrasado,prestamo a domicilio,appbiblioteca,2211009988
lon010,19/06/2024 23:00,21,completado,prestamo a domicilio,webbiblioteca,1100998877
