id_document,name,address,city,phone,email
1029384756,andrés lópez,calle 45 #10-23,bogotá,312-555-9087,andres.lopez@mail.com
6789054321,maría torres,cra 12 #5-89,medellín,301-334-1289,maria.torres@mail.com
9988776655,carlos pérez,av. siempre viva 742,cali,318-764-5567,carlos.perez@hotmail.com
8877665544,laura gómez,calle falsa 123,barranquilla,315-776-4321,laura.gomez@mail.com
6655443322,juan herrera,cl 15 #8-14,pereira,320-908-7765,juan.herrera@correo.com
5544332211,paula ríos,cra 30 #45-12,bucaramanga,312-675-9988,paula.rios@mail.com
4433221100,diego martínez,av. libertad 20,cartagena,300-567-9823,diego.martinez@mail.com
3322110099,ana ramírez,cl 50 #21-43,cúcuta,301-728-4562,ana.ramirez@mail.com
2211009988,pedro castro,cra 9 #7-33,neiva,313-981-2323,pedro.castro@mail.com
1100998877,luis fernández,cra 5 #11-19,manizales,310-786-5423,luis.fernandez@mail.com
